<?xml version="1.0" encoding="UTF-8"?>
<project-private xmlns="http://www.netbeans.org/ns/project-private/1">
    <editor-bookmarks xmlns="http://www.netbeans.org/ns/editor-bookmarks/2" lastBookmarkId="0"/>
    <open-files xmlns="http://www.netbeans.org/ns/projectui-open-files/2">
        <group>
            <file>file:/D:/school%20program%20files/java/project2/Strategy%20Pattern/src/strategy/pattern/CalculatorGui.java</file>
            <file>file:/D:/school%20program%20files/java/project2/Strategy%20Pattern/src/strategy/pattern/Add.java</file>
            <file>file:/D:/school%20program%20files/java/project2/Strategy%20Pattern/src/strategy/pattern/Divide.java</file>
            <file>file:/D:/school%20program%20files/java/project2/Strategy%20Pattern/src/strategy/pattern/Subtract.java</file>
            <file>file:/D:/school%20program%20files/java/project2/Strategy%20Pattern/src/strategy/pattern/doMath.java</file>
            <file>file:/D:/school%20program%20files/java/project2/Strategy%20Pattern/src/strategy/pattern/Calculate.java</file>
            <file>file:/D:/school%20program%20files/java/project2/Strategy%20Pattern/src/strategy/pattern/Multiply.java</file>
        </group>
    </open-files>
</project-private>
